CountryGuess,misinfo_share
Germany,0.0
Hungary,0.00023775558725630053
Other,0.0004653038434097466
Slovakia,0.0005530973451327434
